numlinks,prob_rewire,graphtype,numgraphs,numnodes,trim,jump,startX,numx,jumptype,irttype,irt_weight,beta,rcutoff,recorddir,triangle_limit,startGraph,prune_limit,other_limit,rcutoff,followtype,numedges,graph_seed,x_seed,truegraph,ll_tg,ll_tg_prior,ll_tg_irt,ll_tg_irt_prior,cost_uinvite,time_uinvite,bestgraph_uinvite,hit_uinvite,miss_uinvite,fa_uinvite,cr_uinvite,ll_uinvite,cost_rw,time_rw,bestgraph_rw,hit_rw,miss_rw,fa_rw,cr_rw,ll_rw,cost_fe,time_fe,bestgraph_fe,hit_fe,miss_fe,fa_fe,cr_fe,ll_fe,cost_windowgraph,time_windowgraph,bestgraph_windowgraph,hit_windowgraph,miss_windowgraph,fa_windowgraph,cr_windowgraph,ll_windowgraph
6,0.3,steyvers,1,50,0.7,0.0,stationary,5,stationary,gamma,0.9,0.909090909091,20,records/,100,naiverw,100,100,20,avg,173,17,17,:q_O?K?AA_?OOM?@@?ocGECAo?GOLBA@WOYACA`wGOJBAo?OSL?BBW?CF?EbgWOP@@`?omACDcg?OII_`@KCGR__asGKIDbGOKIE_`APMADBaacOSWa`qcCCDEdG__b?AEBHyGDDpQ`uGEDFY`uEC`@`XqIILoOg[ob`FGPO{_`AQkOSSQOp?lNDCBRI]IVNITSggcUPQ`xX,-455.467047734,,,,164.0,0:00:01.568900,:q`_OSMDCApGc?L@@`O{CNGf?@k?AA@rWKKGJhTO_c]P`CwGGlABA`XEEJcaqs[USIeRSgUSKRRK?YOGchC?gXNP?gmISKo?ogsZMqaPuEKGFwx[w]QqrPmMLIdstqYSOOOpTRIQQAxhMgaa@h?q]Rq@Pk{hVOqa@EcabSaTSk,75,98,66,986,-297.58763993,166.0,0:00:00.009024,:q`_OSMDCApGc?L@@`O{CNGf?@k?AA@rWKKGJhTO_c]P`CwGGlABA`XEEJcaqs[USIeRSgUSKRRK?YOGchC?gXNP?gmISKo?ogiYLfXPGzBECB{[m[NHXXgvFEdQyYxLIGGGWihdHH@[sfSPP?s_XNHx?gu]RiTsKg_PhGgtGdTJN,75,98,68,984,-297.836349789,168.0,0:00:00.000689,:qa_hWEoAv@]@R,5,168,0,1052,-inf,171.0,0:00:00.069931,:qo`IeghkQZbXzRpT^,5,168,3,1049,-inf
6,0.3,steyvers,1,50,0.7,0.0,stationary,6,stationary,gamma,0.9,0.909090909091,20,records/,100,naiverw,100,100,20,avg,173,17,17,:q_O?K?AA_?OOM?@@?ocGECAo?GOLBA@WOYACA`wGOJBAo?OSL?BBW?CF?EbgWOP@@`?omACDcg?OII_`@KCGR__asGKIDbGOKIE_`APMADBaacOSWa`qcCCDEdG__b?AEBHyGDDpQ`uGEDFY`uEC`@`XqIILoOg[ob`FGPO{_`AQkOSSQOp?lNDCBRI]IVNITSggcUPQ`xX,-547.472338738,,,,165.0,0:00:02.071261,:q`_OSM?Aa@WcKH?B@wGKIF_`xCw?L_?OOMZ@EbwWOVQdOO_c]P`Bq[CCKJO_ogUKGo?WmQJJPpXOiUKegOgUSKRRK?ALGCQSa?SKfg_SVDIEW?WSYLfXPGzBECB{[m[NHWwksZa`phSmbRVHhOm____pTRBDCCc_mYRiGg_YXNHx?gu]SjgXP?bQPPhPGdTJN,85,88,77,975,-385.462839482,167.0,0:00:00.007848,:q`_OSM?Aa@WcKH?B@wGKIF_`xCw?L_?OOMZ@EbwWOVQdOO_c]P`Bq[CCKJO_ogUKGo?WmQJJPpXOiUKegOgUSKRRK?ALGCQSa?SKfg_SVDIEW?WSTLErkgc\`bA@}MVMFck[UYLpOwsiVPhjcsgVOOOOWQTSopP@HGJecyaIGEcBHxNGDErq\Qm`dCALHDEdCaTSk,86,87,80,972,-385.920615762,167.0,0:00:00.000457,:qa_hWEiCk?loV_S,6,167,0,1052,-inf,169.0,0:00:00.058420,:qjB{?AHSbXpEghHqZ`@k|hwin,9,164,5,1047,-inf
6,0.3,steyvers,1,50,0.7,0.0,stationary,7,stationary,gamma,0.9,0.909090909091,20,records/,100,naiverw,100,100,20,avg,173,17,17,:q_O?K?AA_?OOM?@@?ocGECAo?GOLBA@WOYACA`wGOJBAo?OSL?BBW?CF?EbgWOP@@`?omACDcg?OII_`@KCGR__asGKIDbGOKIE_`APMADBaacOSWa`qcCCDEdG__b?AEBHyGDDpQ`uGEDFY`uEC`@`XqIILoOg[ob`FGPO{_`AQkOSSQOp?lNDCBRI]IVNITSggcUPQ`xX,-634.176960421,,,,159.0,0:00:02.318277,:q`_OS?F?@P?kQEC_@_{CECAoO{a[?Eo?GGF?EoPg}ECDshSCGHFcWO{f@@BAsGKIDbAK?EJcaqXYMJIDQpctADAqXOpLKo?Gs_PHQAc?MSKERsOIJGpQ`e?EDEbXuSQMop`?~FJfBqDJFDeb[CIFEdQyLL@@FGO[YSJgGGGKT`aaAQIGDdrQ\PDCBRHxNDCAbXxQmiGCaqILIFcaTSk,96,77,82,970,-474.538565588,164.0,0:00:00.009020,:q`_OS?F?@P?kQEC_@_{CECA`wG]PM?BW?CCB_BWGs^BAAySiACCbqKG]R__``YCEDAp`E?BDqPXKlFDdAhWqY`A`XKgWeeW?CYOGch@Q?FIEBHyGDDcWhOr?BAahgu\dCbkKWONpqxo{`QppXgv@A`phSmbROOPqCFEdAyAAABAQieEIGHGg_UVLHtCSOLGERq]IGDBRXxMhVOqa@EcUPPhO{cQidf,98,75,89,963,-476.021773249,166.0,0:00:00.000453,:qa_hWE_?i`J?J[DwDN,7,166,0,1052,-inf,163.0,0:00:00.068469,:qj_ZPMl^COKPQLfCE|PP@HuarS_ufstLV,15,158,5,1047,-inf
6,0.3,steyvers,1,50,0.7,0.0,stationary,8,stationary,gamma,0.9,0.909090909091,20,records/,100,naiverw,100,100,20,avg,173,17,17,:q_O?K?AA_?OOM?@@?ocGECAo?GOLBA@WOYACA`wGOJBAo?OSL?BBW?CF?EbgWOP@@`?omACDcg?OII_`@KCGR__asGKIDbGOKIE_`APMADBaacOSWa`qcCCDEdG__b?AEBHyGDDpQ`uGEDFY`uEC`@`XqIILoOg[ob`FGPO{_`AQkOSSQOp?lNDCBRI]IVNITSggcUPQ`xX,-712.50530374,,,,158.0,0:00:03.496866,:q`_OS?F?@?w_UHBAO?o]ACAoO{a[?Eo?GGF?EbgGs^BAAyHIGI_`@G{bAFcwGGWU`@`GgUKGo?WmQJHCqs[SJIDQpctADAphKhLKo?Gs_PHQAHQ?FIEBHyGDDfwhOr?BAbPkzIHFWWOKKGFwx[s[NGSk[UYLoOg[YTJgssCC[NO_wsgVOHgGGKT`aaAQIGDdrQ\PDCBRHxNGDErqdSmdDCAPXDEdBqPIiU^,103,70,88,964,-561.646353862,163.0,0:00:00.010441,:q`_OS?F?@?w_UHBAO?o]ABA@O{CNGf?@k?AA@o@gyALFoo_maQaAgGOQNGo`xMAAEDgOWQIDbAK?EJcaqPKlFDAq`SkXLO`OkYRIEHhe?@EcAHIOPIO?xOoXNP?gka^adBK?KIIebXuSQMoo_WWONpqxgw]OhWwksZ_`OwsiVPhgGGw]`@phOm_ROOOWQTSopP@HDCAqxhMgaa@h?q]RpP?gYZNHtIh\BDDCALGkabQ`xGdTJN,107,66,97,955,-564.681012712,165.0,0:00:00.000494,:qa_hWE_?i`J?J[DR{Af,8,165,0,1052,-inf,155.0,0:00:00.081271,:qc`ho?Z@@rYpMlYDcyt{P?pDGu[OZtDCCfHJLQBY]{hiYn,24,149,6,1046,-inf
6,0.3,steyvers,1,50,0.7,0.0,stationary,9,stationary,gamma,0.9,0.909090909091,20,records/,100,naiverw,100,100,20,avg,173,17,17,:q_O?K?AA_?OOM?@@?ocGECAo?GOLBA@WOYACA`wGOJBAo?OSL?BBW?CF?EbgWOP@@`?omACDcg?OII_`@KCGR__asGKIDbGOKIE_`APMADBaacOSWa`qcCCDEdG__b?AEBHyGDDpQ`uGEDFY`uEC`@`XqIILoOg[ob`FGPO{_`AQkOSSQOp?lNDCBRI]IVNITSggcUPQ`xX,-801.835782543,,,,159.0,0:00:03.288180,:q`_OS?F??__[OJCa@w?WN@A@WG]EG_O@k?AA@o@gyAKEbwWOVPHP@SCGHFo`xMAAEDgOWQIDbG?KVHDcqs[SJIDQpctADAphKh?EeW?CYOGcb[_aS_@q`_q]a@PXCu^adBK?CEDDRPky`dCbkKGEECB{GKFJeb`xJFDeb[CIFEdsYYAAMFgO[YSJgCsCCEIoo_g_ccA`X[sfSPP?sq]RpP?gu]Sidsgg_QJGgsg\NHCihX,108,65,94,958,-652.515631357,168.0,0:00:00.011565,:q`_OS?F??__[OJC``?{?KF__o_SN@BopCA?L_?OOM?LFOP_s^BAAyHIGI_`@G{bAFcwGGWU`@`GgUKGo?WmQJHCqs[SJIDQpctADAphKgW_BRK?ALGCQPmOPIO?xOoXNP?gkaZNpQ`e?ABAahgu\OqaPuECBBA@}CEBdrPo{`QppXgv@A`phSmbROOPo|ABbQ`\?e___ocih``@P@HDCA`X[sfSPP?s_XNHwg_SLFdRXxMhTJgWgg_PhDcSYSMfcaTSk,113,60,108,944,-657.279962754,165.0,0:00:00.000491,:qa_hWE_?i`J?J[DR{Af,8,165,0,1052,-inf,159.0,0:00:00.098020,:qc`ho?ZBetPLMlECu`XMl_?WaeOzfCE|PP@Hua@XiOZRyYePSo,23,150,9,1043,-inf
6,0.3,steyvers,1,50,0.7,0.0,stationary,10,stationary,gamma,0.9,0.909090909091,20,records/,100,naiverw,100,100,20,avg,173,17,17,:q_O?K?AA_?OOM?@@?ocGECAo?GOLBA@WOYACA`wGOJBAo?OSL?BBW?CF?EbgWOP@@`?omACDcg?OII_`@KCGR__asGKIDbGOKIE_`APMADBaacOSWa`qcCCDEdG__b?AEBHyGDDpQ`uGEDFY`uEC`@`XqIILoOg[ob`FGPO{_`AQkOSSQOp?lNDCBRI]IVNITSggcUPQ`xX,-889.747557443,,,,149.0,0:00:04.615552,:q`?GGI?B_?OOMGD`@?sON?BOO_UAF``PC?R?Eo?GGEE_BPsCWLFoo_mAJGcg?OT@AAP{G]R__``YCECa`Wq?BDbhGkcRJPpOkgTJERSGSJHeG?s_X_?Ph?aQLqAHQ?FIEBHyGDDer{SgX_?_ogsZMgXPGg\``?oo_^`@`p[s[NGSk[sZ_`Ows_VNGssCC[MfgO[YSJgGGGjBAAaAQOIDdsyaIGEeRq]IILfdIh\IIGCaqILIFRqPIiU^,117,56,93,959,-748.171175715,173.0,0:00:00.012780,:q`?GGI?B_?OOMGD`@?sKGF_@_{CECA`wG]EDCO@K?Z??__WY?LFOP_s^BAAwGkaQ_@@SCGHFcWO{f@@BAsGKHDAp`E?BDbhGkcRJPpOkgTJERSGSJEcq`a?LGEW?CYOGcb[_aS_@q`_q]a@PXCu^adBK?CEDDRPky`dCa`uECBBA@}CEBbaxgw]OhWwksZ_`Ows_TJfcYYAAJfBhyCFEdAy@L@@@?ocih``@P@?caa@OkmYRiGg_YOKfc{SOIEbqhk{fSidsKSSOGsaqILIFRqPIiU^,120,53,120,932,-754.668623912,164.0,0:00:00.000466,:qa_hWEJO?TOd_DmAh}@R,9,164,0,1052,-inf,160.0,0:00:00.107179,:qb?hGY]@@rYgefUbU`\ZCSraB]gg_czP?ktGLh|LPHcTKN,21,152,8,1044,-inf
6,0.3,steyvers,1,50,0.7,0.0,stationary,11,stationary,gamma,0.9,0.909090909091,20,records/,100,naiverw,100,100,20,avg,173,17,17,:q_O?K?AA_?OOM?@@?ocGECAo?GOLBA@WOYACA`wGOJBAo?OSL?BBW?CF?EbgWOP@@`?omACDcg?OII_`@KCGR__asGKIDbGOKIE_`APMADBaacOSWa`qcCCDEdG__b?AEBHyGDDpQ`uGEDFY`uEC`@`XqIILoOg[ob`FGPO{_`AQkOSSQOp?lNDCBRI]IVNITSggcUPQ`xX,-988.30185351,,,,142.0,0:00:07.527613,:q`?GGI?B_?OOMGD`?o_YGF_@gGKGD_ooga?ABO@k?AA@`g?s\@EBwWOV@DcQS?GDDOO_c^AHoOOolABAPOkX?@apscURJPpOkgTJEWOgUW_BRK?ALGCQPmOPIO?x_q]a@PXCu^a@Q`e?EDCQPgu\gca`uECBBA@}CEJeb`xAdbebXuADBbQxxEe__b`uCLIDsCCCTaAaAQOIDdsyaIGEeRq]SMLfcydSmdDCAPXDIFBhxGdTJN,118,55,87,965,-842.732954738,183.0,0:00:00.014008,:q`?GGI?B_?OOMGD`?o_YECBo?o]ABA@O{CNBAaG?GKH_BW?CCBBO@gyAKEbwWOV@DcQS?GDDOO_c]P`Bq[CCKJO_ocSJECW?KUMcaqPKlFDAq`SkXLO`OkYRIEG?s_X_?Ph?aQLqAHQ?FIEBHyGDDcRX}GDIEW?GKIGcahgu\OqaHGg\``?oo_XNo_o[[VLFBqDJFDebXuADBbQ@Sm\NGssCCVMFRsGMLIDsAYAAA@`HTR?@`@P?}_QPP?gUVLHtCSOLGERq]IGDBPo{iZNHtIh\@@aaa@EcUPPhOw\NHCihX,123,50,133,919,-852.419066743,163.0,0:00:00.000465,:qa_hWEJO?T@SQoAv@S~?h,10,163,0,1052,-inf,158.0,0:00:00.120366,:q`_WoGHHBR_CCFQDtPLMlECu`XMlaIXa{_vhMTCCfYGDedC_ufstCePSo,26,147,11,1041,-inf
6,0.3,steyvers,1,50,0.7,0.0,stationary,12,stationary,gamma,0.9,0.909090909091,20,records/,100,naiverw,100,100,20,avg,173,17,17,:q_O?K?AA_?OOM?@@?ocGECAo?GOLBA@WOYACA`wGOJBAo?OSL?BBW?CF?EbgWOP@@`?omACDcg?OII_`@KCGR__asGKIDbGOKIE_`APMADBaacOSWa`qcCCDEdG__b?AEBHyGDDpQ`uGEDFY`uEC`@`XqIILoOg[ob`FGPO{_`AQkOSSQOp?lNDCBRI]IVNITSggcUPQ`xX,-1074.21403409,,,,152.0,0:00:10.284322,:q`?GGI?B_?OOMGD`?o_YGF_@gGOJ@``PC?CEeo?GGEE_BPsCCKFoo_WV@DcQS?GDDOO_c^@@CwGGWU`@`GgUK_?pscUUba`XOiUKegOgUW_BQ`e?@EcAHGvGGdG?[oXNP?gkaZNp?g{gX_@`PCcTLFRsgaQIFWWOKKGFwO[[VLFBqDJFDebXtD@A`ph[{bROOPozAEdAxl@@@DWWOSOQQ@OkmfSPP?s_XNHxOwu]RiTQySSOHDcSg[NFsaTSk,118,55,97,955,-933.767414767,188.0,0:00:00.015306,:q`?GGI?B_?OOMGD`?o_YECBo?o]ABA@O{CNBAaG?GKH_BW?CCBBO@gyAACB@g}ECBAwGkaQ_@?giACCbqKCCNHoOOolABAPOkWP_?pWyQJHCqs[SJIDQpctADAphKgW_BQ@Or??bQ@CcZcCQc?MSKERsOIJGer{OINIEW?GKIGcahgu\NGXPCcSMoo_WWOKfwOWMMJeb`xAdbarPkya_`Ows_TJfRqLL@@Dr`s|ABbQ`[u_ROOOOKHIiW?KGIGFsAQ?DCA`X[sfSPP?s_XNHwg_SJEb`xSu]RiTQyABDDCALGkabQ`oy]NhCihWn,127,46,142,910,-946.805025696,162.0,0:00:00.000468,:qa_hWEJO?T@SQoAmdLoTNoI^,11,162,0,1052,-inf,155.0,0:00:00.131329,:q`_WoGHHBR_CCFLiaY\YKHlAyt{OP_WaeOTeJqB]cxSOQ[cktGLh|LPHcT^,28,145,10,1042,-inf
6,0.3,steyvers,1,50,0.7,0.0,stationary,13,stationary,gamma,0.9,0.909090909091,20,records/,100,naiverw,100,100,20,avg,173,17,17,:q_O?K?AA_?OOM?@@?ocGECAo?GOLBA@WOYACA`wGOJBAo?OSL?BBW?CF?EbgWOP@@`?omACDcg?OII_`@KCGR__asGKIDbGOKIE_`APMADBaacOSWa`qcCCDEdG__b?AEBHyGDDpQ`uGEDFY`uEC`@`XqIILoOg[ob`FGPO{_`AQkOSSQOp?lNDCBRI]IVNITSggcUPQ`xX,-1152.16086241,,,,132.0,0:00:17.351036,:q`?GGI?B_?OOMGD`?o_YN?BOOWOJ@``PC?CEbBWGGEE_@PgyAAEOo_WV@DcQS?GDDOO_c^@HoOOolABAPOkX?@bg_cURba`XOkXLO`Okp?AbQ`e?@EcQPOvGGdG?[oXNO__SUZNp?hOrEDCQhgy]PQaHGg\``?oo_^`@`X[w]QppXkz@A`ph\Ee__bcGYSJesCGjCDCCc?CGDAsyaIGEcBHxNIFErq\QiVQaa@GkabQ`o{cTJN,123,50,82,970,-1028.56700445,190.0,0:00:00.016650,:q`?GGI?B_?OOMGD_?_WOLBA@w?WN@@`?g]AF``PC?CECo?ou?@@?os?ILFOOO_WLFoOWOKJ_aqHI?CAagGOQNGoOO{f@@BAsGKHDAp`E?BDbg_cUQHdgwgUSIdbHiCIDbQXOp?AbQ@Or??bQ@CcSLqAHQ?FFDB@c|AA@PXCu^a@PxOr?@@`PCcTLErhxAadCQPOzBA@``?q^`@_wk[VLFBqDJFDebXtD@A`ph?iVMfcYYAAJfBhyAABbQ`[u_ROOOOKHIiW?KGIGDBy@H?@@P?gUQJecyaIGEcBHxN?Aa@OkYMFdRXxMhTJgGKSSOGsaqILIFBhw}aQHTQp[n,135,38,152,900,-1048.70822474,161.0,0:00:00.000499,:qa_hWEJO?T@SQoAmdKxn[DR{Af,12,161,0,1052,-inf,147.0,0:00:00.143347,:q`_WoGHHBR_CCFLhaygefUbAZOkfUkV`hAOP_E[PRGIIXa{_vhMTCCfHJLQBHlNhdDCej,36,137,10,1042,-inf
6,0.3,steyvers,1,50,0.7,0.0,stationary,14,stationary,gamma,0.9,0.909090909091,20,records/,100,naiverw,100,100,20,avg,173,17,17,:q_O?K?AA_?OOM?@@?ocGECAo?GOLBA@WOYACA`wGOJBAo?OSL?BBW?CF?EbgWOP@@`?omACDcg?OII_`@KCGR__asGKIDbGOKIE_`APMADBaacOSWa`qcCCDEdG__b?AEBHyGDDpQ`uGEDFY`uEC`@`XqIILoOg[ob`FGPO{_`AQkOSSQOp?lNDCBRI]IVNITSggcUPQ`xX,-1248.23433446,,,,132.0,0:00:15.745063,:q`?GGI?B_?OOMGD___WOLF_@gGOJ@Booga?ABO@kCCBBO?gs\@EBwGKGEDoPXCd?A@P?iACCbwHMAAEDgOWQIDbG?MQJHppOkgTJERSGSJKO?gkYS_?PGsaQIEx@Ch?Bbb@c|AA@PX}GDIERkOKIGdRPs{adCQPuECBBB{GKJEDr`yMJLggGSMLJgssCC[`BQ`\@@@DW_h?c_?`?gUfSOog_YOKfc{wu]RiTQySSQJGhOw]NgcaTSk,125,48,84,968,-1122.08392964,197.0,0:00:00.017769,:q`?GGI?B_?OOMGD_?OOKGE``?{?KF__o_SN@Booga?ABAW?WZ??__WY?DEbgGGOKEbwGKGEDoPW{aQ_@?g_T@AAPxEAAFcwGGWU`@`GgUKGo?Wk\CCaphGeUba`XOiUKegOgULHdBC?IJEcA`e?@CbQ@CcSLqAHQ?FFDB@cu]`@?gkaZNp?g{gXMo?OOKIGcahgu\NGSSgaQIFWWOKKGER{GKFDb@p[s[NGSk[UYLfSSCIFEcAh[y]PhgGGm[MfgGGMLIDrY@L@@@?ocaTLiW?KGIGDBy@H?@@P?gUQJecyaEDCBQ@c{f_@P?gULFBqhk{fSidsCEIIGCYPXDEdB`s{^PHCihWmV~,138,35,162,890,-1148.61273458,160.0,0:00:00.000501,:qa_hWEJO?T@SQmA`VQe[vmAh}@R,13,160,0,1052,-inf,144.0,0:00:00.159416,:q`_WoGHHBR_?uAB_BPtSRR`DgoesJHtjDwYOcCW@fGIIXp@nQ[iGHMQUYcERY^RIIHLV,38,135,9,1043,-inf
6,0.3,steyvers,1,50,0.7,0.0,stationary,15,stationary,gamma,0.9,0.909090909091,20,records/,100,naiverw,100,100,20,avg,173,17,17,:q_O?K?AA_?OOM?@@?ocGECAo?GOLBA@WOYACA`wGOJBAo?OSL?BBW?CF?EbgWOP@@`?omACDcg?OII_`@KCGR__asGKIDbGOKIE_`APMADBaacOSWa`qcCCDEdG__b?AEBHyGDDpQ`uGEDFY`uEC`@`XqIILoOg[ob`FGPO{_`AQkOSSQOp?lNDCBRI]IVNITSggcUPQ`xX,-1341.59680083,,,,135.0,0:00:12.746002,:q`?GGI?B_?OOMGD___WOLF_@gGOJ@Booga?ABO@kCCBBO?gs\@@BGGKGEDqpxCd?A@P?iACCbwHMAAJO?OWQIDbGWUQJHCqsCMIDdApeCIDeG?SULIO?GcYPHDBHmOPIO?wwoXNO__SU^a@Q`czCBAaHSs\NQaHGg\``?p}CEDdr`xJFDebYDD@A`p_smbROOOkxLIDr@l@@@DW_hH?@A@OlMg``P?s_XNHxOwu]RiTQySSOHDcSg[NFsQPIiU^,127,46,89,963,-1218.96424418,208.0,0:00:00.019095,:q`?GGI?B_?OOMGD_?OOKGE``?{?KF__o_SN@Boog_V?@@`K?KL_?OOKL?AbPsCCGEBP{CECBAwGWUNGcg?OIGDCgGOQNGoOO{f@@BAs?CECa`Wob?@`PWyECCaphGeU_`pOkgTJERSGSJEcq`a?DDbQ@Or??aPh?aQIER[_aS_@ppOoXLfgOOIJGer{OINIERk?CCBAaHGiYLfRqDDFDCQPOzBA@``?q^`@_wkWMJeb`xAdbarPky`POOg[WLGDQxs{bROOOkm[MfgGGMLIDr@l?e____WQPIetK?ECDCA`|?c_?_g_SJHDrQ\PBAa@h?q]Ro?g_SJEb`xSu]RiTQyABDDCALGkVPPhOw\NFsQPIeTJDq~,140,33,175,877,-1253.75721484,159.0,0:00:00.000527,:qa_hWEJO?T@SQmA`PZhRMZv@S~?h,14,159,0,1052,-inf,139.0,0:00:00.171721,:q`_WoGHHBR_?uAB_BPtGFNiaY[GlECu`XMlWnBQC_b?KpI`vGIIXp@nQ[iGHMQVGKes}eSSQ^,42,131,8,1044,-inf
6,0.3,steyvers,1,50,0.7,0.0,stationary,16,stationary,gamma,0.9,0.909090909091,20,records/,100,naiverw,100,100,20,avg,173,17,17,:q_O?K?AA_?OOM?@@?ocGECAo?GOLBA@WOYACA`wGOJBAo?OSL?BBW?CF?EbgWOP@@`?omACDcg?OII_`@KCGR__asGKIDbGOKIE_`APMADBaacOSWa`qcCCDEdG__b?AEBHyGDDpQ`uGEDFY`uEC`@`XqIILoOg[ob`FGPO{_`AQkOSSQOp?lNDCBRI]IVNITSggcUPQ`xX,-1416.32606571,,,,118.0,0:00:16.647929,:q`?WGI?B_?OOMGD`@?sKNE_`?kCIFaaGOY?EEo?GGEE_@PgyABCBGGKGEDqpxCd?A@P?iACCbwHMAAJO?OWQIDbGWUUQHoOwgUSJEgOgUW_@PWsh??aPhGgXLqAHQ?FFERsOIJLfwhOq\a@`PCiULFXPCc\``?oo~ABAqxo|FDesSCIFEBQyLLADfHhOmWOO`HUGIOHGOSOIDhwWSOLGERq]u]RiTQySSQJGho{^PHDQr,128,45,73,979,-1306.70572055,207.0,0:00:00.020321,:q`??KCD?@o?GGFCAo?GGECBOo_]?AB@wGKGDBoOg]EDCAw?GKH_@`k?AA@`g?SYM___W_WLFoOWOKJ_``W{aQ_@?g_SQ_?O_c]P__`xMAAEDg?GKHDAp`E?BAapsKGHDbQPKl@Ba`XOiUKegOOSJEcq`a?DDbQ@Or??aPh?aQIER[_aS_@ppOoXLfgOOIJGer{OINIERk?CCBAaHGiULErhx?`PPpPCcSMoo_WWOKfwOWMJEBaxgw]OhWwksZMgSSCIFEBQ@Sm\NGssCCJJfBhyAABbQ`[oZNGCsCCCBAQHSuh_?o_g_SNgCc?CDCA`XGmYRiGWSOLGCRHxN?Aa@OkYMFdAhk{fSidsCEIIGCYPWmabQ`oy]NgcaTKiUJd~,146,27,180,872,-1351.24860802,158.0,0:00:00.000517,:qa_hWEJO?T@SQmA`PZhRMZuhwi^_S,15,158,0,1052,-inf,133.0,0:00:00.185049,:q`_WoGHHBR_?uF?EbiOM^TCby[GlEDU`XGf[DEJouOP_ERsQg\qAac_~fCE|Hqg_cdXQQUf`aBHlNhTQaaR,49,124,9,1043,-inf
6,0.3,steyvers,1,50,0.7,0.0,stationary,17,stationary,gamma,0.9,0.909090909091,20,records/,100,naiverw,100,100,20,avg,173,17,17,:q_O?K?AA_?OOM?@@?ocGECAo?GOLBA@WOYACA`wGOJBAo?OSL?BBW?CF?EbgWOP@@`?omACDcg?OII_`@KCGR__asGKIDbGOKIE_`APMADBaacOSWa`qcCCDEdG__b?AEBHyGDDpQ`uGEDFY`uEC`@`XqIILoOg[ob`FGPO{_`AQkOSSQOp?lNDCBRI]IVNITSggcUPQ`xX,-1508.25211354,,,,104.0,0:00:18.252118,:q`??KCD?@o?GGFBA@W?GGE``w?YACAoOg]EDDo?OY?EEo?GGEE_@PgyECEOOWOKJaApxI?CAa@PIACCbwHKj??_as?CECa`WqABAqPXGf@Ba`XOkYdArCSULIO?GGQLGdBHmOPIO?wwoXNP?gk~DIFW_WSTLFRsgc\``?p}CEDdr`yMZMgWGSMKJgssGU[edAx`@ACdW_hHDCA`Y]IGEcBHxNMLfcy`QiVQaa@GkadB`w}cTJN,137,36,68,984,-1407.30313402,213.0,0:00:00.021582,:q`??KCD?@o?GGFBA@W?CCBA@gWON?@@_{CECA`wGSNBAa@[?CECo?ou?@@?os?ILFOOOKGGEBP{CECBAp{CGEDbqHI?CAa@PI?@AAPxEAAFcqk?AAEDg?GKHDAp`E?@@`Ook\BAAPWscRJOOwgUSIdbHiCCDAphKgW_@PWs_SKo?GGQLGCQPOqZcCQc?MMFdB@cu]`@?gkaZNgG_S]SKfW?GGECaaHGgTJEbXs{_OggwgaQIFWWOKKGER{GKFDb@p[s[NGSk[UMLEriDD@A`p_s_TJfRqLL@@Aqxoy]___wsgVKErq@L@@@?ocaTLiW?KGIGDBy@H?@?og_SJHDrQ\PBAa@gw_PKfcI]?DCA`Ws[NIDRXxMgSidsCEIIGCYPWmabQ`oy]NgcaTKiUJd~,152,21,192,860,-1462.62761118,158.0,0:00:00.000524,:qa_hWEJO?T@SQmA`PZhRMZuhwi^_S,15,158,0,1052,-inf,130.0,0:00:00.198206,:q`_WoIOBbR_?uFLFS_[miHFoQ[GlIlAq\oSWnBX@E?XNPI`vGIIQB}[vFmTCCcjIQQ@[KOXLhzqdTIIHN,50,123,7,1045,-inf
6,0.3,steyvers,1,50,0.7,0.0,stationary,18,stationary,gamma,0.9,0.909090909091,20,records/,100,naiverw,100,100,20,avg,173,17,17,:q_O?K?AA_?OOM?@@?ocGECAo?GOLBA@WOYACA`wGOJBAo?OSL?BBW?CF?EbgWOP@@`?omACDcg?OII_`@KCGR__asGKIDbGOKIE_`APMADBaacOSWa`qcCCDEdG__b?AEBHyGDDpQ`uGEDFY`uEC`@`XqIILoOg[ob`FGPO{_`AQkOSSQOp?lNDCBRI]IVNITSggcUPQ`xX,-1604.7033117,,,,105.0,0:00:19.467127,:q`?GGI?B_?OOMECAo?GGGE``O{GL@A@WGSNBAaw?GL?BBW?CCBBO?gs\BABGGKGEDp@W{d?A@P?gd@AAP{CeT_?OPY?ABAPOkX@@`XGkcR_`pPOkYdArCSMLIO?GGYSKex?gaS_@ppc|CAa@X}ISMp?ogaTLFRsgaQMoo_W~ABAqxo|FDeriEADBbAyLL@@ArcsgVKGGOcjCDGCc?OIDhtCSOLGCRHxNIFFcy`QiVQaaPXDIFBp|GiU^,139,34,71,981,-1514.11617215,226.0,0:00:00.022799,:q`??KCD?@o?GGFBA@W?CCBA@gWOIF_?_o]ABA@O{CIF``P?m?ABAW?WZ??__WY?DEbgGGECCB@g}ABA@`W}ACBAPW{aQ_@?g_SQ_?O_cSJFcWGG[NHdW?CCKIDg?GKHDAp`E?@@`Ook[U``@GkYQHdgG[SJIDQpctAAA`WseSKO?g[ULGDBK?AACbQ@CcSKex?gaSLO?ww]SKERXyCCAa@XCu^OP?g{gXMo?OOKHDCQPOiUKebXs{_OggwgaQIFWWOKKGER{GKFDb@p[oYMFcIUMJFEbXtAa_`OwoYOIdrhxEe__`X[w\NIGGGMLIDr@k{_RO?GGGECcQhlKh_?o_g_SNgCc?CBAa@OkcVLHtCKIGEba@Cq]Ohw?SOIDbPo{gTKErq\OhTJgGKSSOGsap\DEdB`s{^PHCiXSkVJ~,154,19,207,845,-1576.4104965,157.0,0:00:00.000525,:qa_hWEJO?S_LOTCj_gSUySre|i]IfwDN,16,157,0,1052,-inf,133.0,0:00:00.210039,:q`_WoQOBf?@kMYMh?x\SQN_cwPYTMdcz_gp]EqAK?q]aTBmOSScF{xmN[iGHHUSccAs{KOZRvdIiSSQYn,49,124,9,1043,-inf
6,0.3,steyvers,1,50,0.7,0.0,stationary,19,stationary,gamma,0.9,0.909090909091,20,records/,100,naiverw,100,100,20,avg,173,17,17,:q_O?K?AA_?OOM?@@?ocGECAo?GOLBA@WOYACA`wGOJBAo?OSL?BBW?CF?EbgWOP@@`?omACDcg?OII_`@KCGR__asGKIDbGOKIE_`APMADBaacOSWa`qcCCDEdG__b?AEBHyGDDpQ`uGEDFY`uEC`@`XqIILoOg[ob`FGPO{_`AQkOSSQOp?lNDCBRI]IVNITSggcUPQ`xX,-1690.22574153,,,,92.0,0:00:24.332162,:q`??KCD?@o?GGFCAo?OOLBA`wOYACAoOg]?DDo?OY?EEo?GKL?AbPsKGK__o_WVCDbqS?GDDOO_c^@HdWGGWU`@`GgUK_`?kcUQHoOwggYdEGg[YS_?OOsaSKex@Ch?Bbb@c|CAar{Sg\a@`PSs\NQbkKGENo_okm[NGWxky`_`OwombRO`XqYSJeCCGQTaAcc_SJRpP?s_XNHxpk{fSITQySSQJGhO{cTJN,137,36,56,996,-1602.9942038,233.0,0:00:00.024251,:q`??KCD?@o?GGFBA@W?CCBA@gWOIF_?_o]ABA@O{CIF_?og_V?@@`K?KL_?OOKL?AbPsCCBAA@_s^@@`?ok^@A@`Gk]PHO?_SOIFCg?CGHDApxEAAFBqXU?@@BA`Y?ABAPOkWP_?OWOIEDbasKGHDbQPKl@Ba`XOiUKegOOSJEcq`a?DBaph?gX_?OOcSLGCQPOqZcAaHOiY_@po{gWKersGGDCAqHk}_a@Oo{gXMo?OOKHDCQPOiUKebXs{_OggwgaQIFWWOKKGER{GKFDb@p[oYMFcIUMJFEbXtAa_`OwoYOIdr@s{bROOOkm[MfdCCCFEdAx_u]OHg?CCCBAQHSu]RIW?KGIGDBy@H?@?og_SJHDrQ\PBAa@gw_PKfcI]?DCA`Ws[NIDR@k{fSITQyABDBQa@EcUJggsg[MfbyHGdRIdax^,155,18,215,837,-1678.64444914,156.0,0:00:00.000538,:qa_hWEJO?S_LOTCj_gSUySre|glNDR{Af,17,156,0,1052,-inf,136.0,0:00:00.217409,:q`_WoQQAf?@kCFLFS_[mi@CbwHMCUcu`XMwIKV`k_b?KfgOQg\qAjH~MZsfIaARIQQ@[KOXLhzqdTIIHLV,47,126,10,1042,-inf
6,0.3,steyvers,1,50,0.7,0.0,stationary,20,stationary,gamma,0.9,0.909090909091,20,records/,100,naiverw,100,100,20,avg,173,17,17,:q_O?K?AA_?OOM?@@?ocGECAo?GOLBA@WOYACA`wGOJBAo?OSL?BBW?CF?EbgWOP@@`?omACDcg?OII_`@KCGR__asGKIDbGOKIE_`APMADBaacOSWa`qcCCDEdG__b?AEBHyGDDpQ`uGEDFY`uEC`@`XqIILoOg[ob`FGPO{_`AQkOSSQOp?lNDCBRI]IVNITSggcUPQ`xX,-1791.37413922,,,,95.0,0:00:34.159757,:q`??KCD?@o?GGFCAo?GGGE``?g]CE_`GG]?BAaw?GL?BApk?AA@`g?SYM``@cCECBAw_k]Q_@?giACCbqKC]R_?OPY?ABAPOkX@A@XGkcR_`pPOmYdEGg[YS_?OOsaSKex?gaS_@pp[q]a@PX}ISMp?ogiYMfhPuECBFwOWUVMFcKSUZMgWGSMKJeCYYCJMTB@x@ACdW_h?caa@OlNDCBQ@c{flfcy`QiVQaaPXDIFcahX,140,33,62,990,-1702.04602341,247.0,0:00:00.025319,:q`??KCD?@o?GGFBA@W?CCBA@gWOIF_?_o]ABA@O{CCDBo?WSOJ_?_oe?BBApk?AA@``c?ILFOOOKGGEBP{CECBAp{CCCBAPW{aQ_@?g_SMHO?GOQIDbqK?AAFBqXU?@@BA`Y?ABAPOkWP_?OWOIECAp_wlBAAPWscRJOOwgUSIdaxctAAA`WseSKO?g[ULGDBK?AACa`h?aQIER[_SPIDRS?GFFBq`[oXLfgOOIGDcRX|@CA``xOq\_?__WQIGca`SkXLErhx?`PPpPCcSMggWOKKGER{GKFDb@o{mWLFBqDJDBappgu\OggGSMKEcAh[o\NGssCCJJfBhxAg____[YSJeBXx?e_?OOOKHGdRXxKh_?o_g_SLfsAQ?A@`P?gUQJecyaEDCBPp?aXNGS{?IGDApgw]SIeBXxMgSidsCEFDBQa@EcUJggsg[MfbyHGdRIdax^,157,16,231,821,-1793.61372043,155.0,0:00:00.000522,:qa_hWEJO?S_LOTCj_gSUySqF[xnYJRpS~?h,18,155,0,1052,-inf,136.0,0:00:00.227312,:qb@HGI[L__xgycBdtOGc^@HoascTYDcz_gp]EqAK?q]pDBmOSSkf{xmN[_DCCcjIQQ@[KOXLhzqdTSQYn,47,126,10,1042,-inf
6,0.3,steyvers,1,50,0.7,0.0,stationary,21,stationary,gamma,0.9,0.909090909091,20,records/,100,naiverw,100,100,20,avg,173,17,17,:q_O?K?AA_?OOM?@@?ocGECAo?GOLBA@WOYACA`wGOJBAo?OSL?BBW?CF?EbgWOP@@`?omACDcg?OII_`@KCGR__asGKIDbGOKIE_`APMADBaacOSWa`qcCCDEdG__b?AEBHyGDDpQ`uGEDFY`uEC`@`XqIILoOg[ob`FGPO{_`AQkOSSQOp?lNDCBRI]IVNITSggcUPQ`xX,-1893.25245898,,,,90.0,0:00:21.640010,:q`??KCD?@o?GGFCAo?GGGE``?kGL@A@WGSN?AawOY?BDbW?CCBBO?gs\BABGGKGEDp@W{d?A@PSCGHDbw?C]R__a`Y?ABAPOkX@A@XGkcR_`pPOtIKPOwsh??__gsaSKex@Ch?A@qxc|CAar{SgXMp?ogiYMfb{[zBA@b{GKJJfBqEIFLfSKCIFEDrAMCJMTB@x@ACdW_hHGDAs{SOLKfc|Gk]RiTQySSQJGhO{cTJN,141,32,58,994,-1800.86658933,253.0,0:00:00.026382,:q`??KCD?@o?GGFBA@W?CCBA@gWOIF_?_o]ABA@O{CCDBo?WSOJ_?_oe?BBApk?AA@``c?ILFOOOKGGEBP{CECBAp{CCCBAPW{aQ_@?g_SMHO?GOQIDbqK?AAFBqXU?@@@``Ol?@@`GgUKFcW?CECA``?kWMJOo_cULHCqsCMIDdAhWmXLO__gULHdBC?IFDbQ@Or??__gcSLGCQPOqZaA@PCgTLO?_[[NIDr@cu]`@?g_UPLfsCOIEFcA`cz?@@?ocSPHDAhWqYLfRp|?`PPpPCcSMggWOKKGCRH}CEBap_w]VKEb`xAda`pWwsZMgSSCIFEBQ@SmWMfcYYAADdr`s{`SOOOOMLIDr@k{_RO?GGGECcQhk{eRiW?KGIGDBX|?c_?_WSOIDcaxhMg``P?s[OGeRqDN?Aa@OkYMFca`SkWLfcy`QiVOOW[SLIGCYPWmabQ`oy]NgcaTKiUJd~,159,14,239,813,-1899.87958394,154.0,0:00:00.000518,:qa_hWEJO?S_LOTCj_gSUySqF[xnYGDhwi^_S,19,154,0,1052,-inf,136.0,0:00:00.238223,:qb@HGI[L__xgyeJi_PG}AR`DhGisJHv@Pa{?EqAK?|aIFZkghCNxr[]x?IGHKhHGDqBHlN]SiiaRT,46,127,9,1043,-inf
6,0.3,steyvers,1,50,0.7,0.0,stationary,22,stationary,gamma,0.9,0.909090909091,20,records/,100,naiverw,100,100,20,avg,173,17,17,:q_O?K?AA_?OOM?@@?ocGECAo?GOLBA@WOYACA`wGOJBAo?OSL?BBW?CF?EbgWOP@@`?omACDcg?OII_`@KCGR__asGKIDbGOKIE_`APMADBaacOSWa`qcCCDEdG__b?AEBHyGDDpQ`uGEDFY`uEC`@`XqIILoOg[ob`FGPO{_`AQkOSSQOp?lNDCBRI]IVNITSggcUPQ`xX,-1973.21099703,,,,88.0,0:00:27.319271,:q`??KCD?@o?GGFBA@W?CCCBOokGL@A@WGSN?AawOY?BBBW?CCBBO?gs\@@`@cCECBAw_k]Q_@?g_T@AAPW}ARIoOOol?@@`GgUK``?kcUQHoOwggUdEGg[YS_?OOSYSKex@CgT_@pp[q]a@PX}ISKfW_WiYMfb|OzBA@b{GKJJfBqEMZMgWGSMVKGwOkxSKFcCGQTaAcAQOIDcc{SOLKfc|Gu]SITSggcUPQ`xSk,141,32,56,996,-1886.9153364,259.0,0:00:00.027798,:q`??KCD?@o?GGFBA@W?CCBA@gWOIF_?_o]ABA@O{CCDBo?WSOJ_?_oe?BBApk?AA@``c?ILFOOOKGGEBP{CECBAp{CCCBAPW{aQ_@?g_SMHO?GOQIDbqK?AAFBqXU?@@@``Ol?@@`GgUKFcW?CECA``?kWLFDgWOQJEcaXYABBa`XOiUJeRSGGIDbQXOp?A`pWs_SKo?GGIHDBQ@CcSKew__SPIDQpi?CBa`o{gVKERXyCCAa@XCu^OP?gW]OIERk?CCBAPPCcSIdbHgu\NFsADDFDCQPOya``?oo_PKfwOWMJEB`x[oYMFcIUIFDbbPky`POOg[WLGDQx_y]PhgGGUVMFRqDP@@?o_[YSJeBXx?e_?OOOKHGdRXxKfSo?WOSOIEry@H?@?og_SJHDrQ\PBAa@gw_PKfcI]?DCA`Ws[NHDAhWoZNHtAdSm_?OW[SLIGCYPWmabQ`oy]NgcaTKiUJd~,159,14,245,807,-1999.85756812,153.0,0:00:00.000513,:qa_h?UU@as?DGBSDPIwIDDmdK`vMZua@Y]IfwDN,20,153,0,1052,-inf,128.0,0:00:00.249848,:q`_WoQQAfBWGMYMhAx\SAHFoQ[GlHDU`XMwIKV_?uOP_FkPOz\dDBkO~fLpzc?g_cdXQQOJRqBI]{hTQaaRSk,53,120,8,1044,-inf
6,0.3,steyvers,1,50,0.7,0.0,stationary,23,stationary,gamma,0.9,0.909090909091,20,records/,100,naiverw,100,100,20,avg,173,17,17,:q_O?K?AA_?OOM?@@?ocGECAo?GOLBA@WOYACA`wGOJBAo?OSL?BBW?CF?EbgWOP@@`?omACDcg?OII_`@KCGR__asGKIDbGOKIE_`APMADBaacOSWa`qcCCDEdG__b?AEBHyGDDpQ`uGEDFY`uEC`@`XqIILoOg[ob`FGPO{_`AQkOSSQOp?lNDCBRI]IVNITSggcUPQ`xX,-2064.38788562,,,,84.0,0:00:34.215768,:q`?GGI?B_?OOMECAo?GGGE``?kGL@A@WGSN?@`P[GL?@apk?AA@`g?SYM__ocCECBAw_k]Q_@?giACCap{CeT__``Y?ABAPOkX@@`?kOQJFCa[CMIIDg_gpDBdG?CCDCbQ`cvGGdG?[mXNP?gmISKfW?OKTLFRtOzBA@b{GKJJfCK[u\OoOg[mWPoOOkxAIEBqACHIp@Q@HDCAqQ]IGEeRq]cZNIDIiSSQJGhO{cTJN,144,29,55,997,-1982.39640648,269.0,0:00:00.029107,:q`??KCD?@o?GGFBA@W?CCBA@gWOIF_?_o]ABA@O{CCDBo?WSOJ_?_oe?BBApk?AA@``c?ILFOOOKGGEBP{CECBAp{CCCBAPW{aQ_@?g_SMHO?GOQIDbqK?AAFBqXU?@@@``Ol?@@`GgUKFcW?CECA``?kWLFCqsKGHDbPpGeU__owgUSIdaxctA@`@OkYRIEG?SMJEcA`e?@@@PGgYOGca`cvCCAaHOiULO?_[SMFdAx_qZNO__SOJGeryAGDBBq@Oq\_?__WMHDCQPOiUKERPky]NgCIIIFDCQPOya__o_WOKGCRH}CEBap_w]VKEb`xAda`pWwsZMgSSCIFEBQ@SmWMfcYYAADdr`s{`SOOOKGFEdAx_u]OHg?CCCBAQHSu]RHtK?ECDCA`k}_QO?OKIGDAqP[sfSOog_YMGCRHk{`Ro?g_SJEb`xGgTJEBXxMgSids?ABBa`hP?bQJDsSQLIFBhw}aQHSqhWmV~,159,14,255,797,-2107.06702343,152.0,0:00:00.000512,:qa_h?UU@as?DGAEiAgd[DAavQeOzfLzP?lNDR{Af,21,152,0,1052,-inf,131.0,0:00:00.262334,:q`_XGI[L__w?s\QDqygc^@HoascTYHqhPa{?EcH@E?]pDBluSSMp@@c~fLpzc?g_cdXQQOJRqBHlN]SihPPHSTJEF,54,119,12,1040,-inf
6,0.3,steyvers,1,50,0.7,0.0,stationary,24,stationary,gamma,0.9,0.909090909091,20,records/,100,naiverw,100,100,20,avg,173,17,17,:q_O?K?AA_?OOM?@@?ocGECAo?GOLBA@WOYACA`wGOJBAo?OSL?BBW?CF?EbgWOP@@`?omACDcg?OII_`@KCGR__asGKIDbGOKIE_`APMADBaacOSWa`qcCCDEdG__b?AEBHyGDDpQ`uGEDFY`uEC`@`XqIILoOg[ob`FGPO{_`AQkOSSQOp?lNDCBRI]IVNITSggcUPQ`xX,-2155.0464154,,,,81.0,0:00:42.128534,:q_O?KCD?@o?GGFCAo?GGGE``WOYAC_`O{?EDDo_s?EJEo?GKL?EbgGKH@@`?omGJFcg?OIGDOO_cUN_bq[CCFEDg?GKHDApcCGDaAppGf@A`pPOlBDArCSMLIO?GGILGDB[OOP_@pPc|CAawhOz?A@`Pgy]iFWWOK^`@`X[w`barXtB@A`rAMCJMOa``@AIp@QQOIDcc{SOLKfc|Gu]SITSggcUPQ`xSk,142,31,50,1002,-2078.5620512,279.0,0:00:00.030373,:q_O?KCD?@o?GGFBA@W?CCBA@gWOIF_?_o]ABA@O{CCDBo?WSOJ_?_oe?BBApk?AA@``c?ILFOOOKGGEBP{CECBAp{CCCBAPWo]PHO?_SOIFCg?CGHDApxE?@@B`xKj??__oogU_?_ocSJEBqK?ABA@Oo_UKEbaXYECCapgwcRJOOWSMIDdAhWmXLO_WOSJEcq`Sp?A`pWs_SJeW?CCDCa`h?aQIER[OOIGdAhWt?A@pOw]SJeBHk|AA@P?kaZNgG_SKNGDBHs|?@@?o[QIGca`SkWKebXs{^OGSSSMIGca`tD@@`?o_WOGcqpc~AB@pWo[NJeBPo{`QpOwk[WLEriDD@A`p_s_TJeBhxEe__`X[w\NGTCCCBA@phOmWLfcAY?@@@?ocaTLfcq\R?@`@P?gZNgCa]?A@`Oo_SJHDrQ\PBAa@gw_PIeRXxAf_@P?gULFBqPOiUKErq\OhTJg?CEFDBQ`p?bQJDsSQLIFBhw}aQHSqhWmVkN,161,12,267,785,-2223.40483021,152.0,0:00:00.000529,:qa_h?UU@as?DGAEiAgd[DAavQeOzfLzP?lNDR{Af,21,152,0,1052,-inf,129.0,0:00:00.271975,:q`_XGGLMEoO[?YMhAx\SQN_cwPYQIlCxSgp]?BQCOOP_FgOSVSMvXPOzGKf{xmN[_DCCcjIQQ@Y]OXLhzqdTIIHDehWo,57,116,13,1039,-inf
6,0.3,steyvers,1,50,0.7,0.0,stationary,25,stationary,gamma,0.9,0.909090909091,20,records/,100,naiverw,100,100,20,avg,173,17,17,:q_O?K?AA_?OOM?@@?ocGECAo?GOLBA@WOYACA`wGOJBAo?OSL?BBW?CF?EbgWOP@@`?omACDcg?OII_`@KCGR__asGKIDbGOKIE_`APMADBaacOSWa`qcCCDEdG__b?AEBHyGDDpQ`uGEDFY`uEC`@`XqIILoOg[ob`FGPO{_`AQkOSSQOp?lNDCBRI]IVNITSggcUPQ`xX,-2254.84603012,,,,78.0,0:00:24.649475,:q_OGGI?B_?OOMGD_?OOOLBA@WOYAC_`O{KIJ_?_sKKJEo?GGEE_@PgyABAA@cCECBAw_k]Qa@PSCGHDAp{CeT__``YCECa`WqGDBOO_k[QHoOg[SSJOpPaCDBdG?CCDEdBHmOPIDW?[OVKERsOIJadBHuGEIebhyg\``?p}CEDdraEIFLfSKCIFKGwGGU[`DBqACHIp@Q@HGDAqQ]IGEeRq]cZNIDIiSSQJGhO{iU^,147,26,52,1000,-2183.66225856,290.0,0:00:00.031597,:q_O?KCD?@o?GGFBA@W?CCBA@gWOIF_?_o]ABA@O{CCDBo?WSOJ_?_oe?BBApk?AA@``c?ILFOOOKGGEBP{CECBAp{?AAA@`GkWNGcg?OIGDBaS?ACCa`W{b??_`o{eT_?OOWWSJO?OWQIDb@xE?@@`?gWOJEBPpKl@@`@GkWLFCaXYABA`pOkgTJDrHiCBAA`WseSIeG?GIFDb@h?gVKo?GGIHDBQ@CcSKew__SPIDQpi?CBa@Ow]SJeBHk|AA@P?kaZNgG_SKNGDBHs|?@@?o[QIGca`SkWKebXs{^OGSSSMIGca`tCb__o_WOKGCQXWq^`@_wkWMFdr@gw]OhW?SMJFEBPky`PHGGSMKEcAh[o\NGssCCJJer`s{`SOOOKGFEdAx_u]OGcs?AAA@`HCiZNHcye?BAAa@OiZNgCa\R?@?ogWOIDcaxhMg``P?s[OGdRHk{`Ro?g_SJEb`xGgTJEBXxMgSids?ABBa`hOw_PhDayIHEdB`s{^PHCiXSkVJuF,162,11,279,773,-2339.15295476,151.0,0:00:00.000526,:qa_h?UU@as?DGAEi@PSQmA`PZhRG\re|g_Ufah}@R,22,151,0,1052,-inf,130.0,0:00:00.281022,:q`_XGGLMEoO[?YMcQx\SQN_cwPYQIlCxTa{?EcG__b?NO_gmg\mqac_q^rew|q?SNGHHUSccAs{_qZRyTSggcUYdbB,56,117,13,1039,-inf
6,0.3,steyvers,1,50,0.7,0.0,stationary,26,stationary,gamma,0.9,0.909090909091,20,records/,100,naiverw,100,100,20,avg,173,17,17,:q_O?K?AA_?OOM?@@?ocGECAo?GOLBA@WOYACA`wGOJBAo?OSL?BBW?CF?EbgWOP@@`?omACDcg?OII_`@KCGR__asGKIDbGOKIE_`APMADBaacOSWa`qcCCDEdG__b?AEBHyGDDpQ`uGEDFY`uEC`@`XqIILoOg[ob`FGPO{_`AQkOSSQOp?lNDCBRI]IVNITSggcUPQ`xX,-2345.06861289,,,,67.0,0:00:23.994640,:q_OGGI?B_?OOMGD_?OOOLBA@WOYACAoOg]?BAawOY?BBBW?CCBBO?gs\BAAGGKGEDoO_kd?A@PSCGHDbwG{f@@BAsGKHDApcCGDBOO_kcR_`OwggU`abCGIFIO?GGEDEdB[OOPIO?_[mWKfg_SVDIERkOKTLFRtOzBA@b{GKJJfCK[u\OoOg[ob__`XqCSOOakOSccA`XHNDCBRHxNDLfdAdTIIHDcSg]TJN,150,23,44,1008,-2274.05097734,303.0,0:00:00.032998,:q_O?KCD?@o?GGFBA@W?CCBA@gWOIF_?_o]ABA@Oo]AAA`w?KIFCAw?GKH_?ookZ??__WWQK_@PgyAA@`@?oYN__o_WMJFo?GGGECap_{aQ_@?g_SMHO?GOQIDbPxE?@@B`xKj??__oogU_?_ocSJEBqK?ABA@Oo_UKEbaXYABAAPWoYMHCqsCEDBa`XOiUJeRSGECDAphKgTKO?OSMJEBQ@OmXLo?GGEDCa`h?aQIER[OOIGdAhWt?A@p?g[NIDr@cu]`@?g_UPLfsCOIEFcA`cy]_?__WMHDBqHGgTJEBHgu\NFsADDDBaaHGg\PGwGKGECBA@CeUKfwOWMJEBPo{mWLFBqDJ?A`pWwoYLfSIHH@A`p_s_TJeBhxEe__`X[u[MfcIaAA@`?wsgVKErq@Ce_?OOOKHGdRXxKfSo?WOSOIDRX|?cRiW?GEDBA@OkWQJecI\PBA@P?s[OGdRHk{`Ro?g_SJEb`xGgTJEBXxMgSids?ABBa`hOw\OGsap\DCbQ`oy]NgcaTKiUJdzB,162,11,292,760,-2454.01622443,150.0,0:00:00.000518,:qa_h?UU@as?DGAEi@PSQmA`PZhRG\re|g_UfaaC~?h,23,150,0,1052,-inf,129.0,0:00:00.297288,:q`_XGGLM?@`kCF?EbhCmVTCbwHMCUcua[ip]?BQCOOP_FgOSVSMvXPQOXNqz[]x_cdXQQOJRqBHlNhTQaaRWo,55,118,11,1041,-inf
6,0.3,steyvers,1,50,0.7,0.0,stationary,27,stationary,gamma,0.9,0.909090909091,20,records/,100,naiverw,100,100,20,avg,173,17,17,:q_O?K?AA_?OOM?@@?ocGECAo?GOLBA@WOYACA`wGOJBAo?OSL?BBW?CF?EbgWOP@@`?omACDcg?OII_`@KCGR__asGKIDbGOKIE_`APMADBaacOSWa`qcCCDEdG__b?AEBHyGDDpQ`uGEDFY`uEC`@`XqIILoOg[ob`FGPO{_`AQkOSSQOp?lNDCBRI]IVNITSggcUPQ`xX,-2431.99437185,,,,72.0,0:00:43.910336,:q_O?KCD?@oOOMGD_?OOOLBA@WOYACAoOg]EDDo?OY?BBBW?CCBBO?gs\BAA@cCECBAwGOUQ_@?giACCap{CeT_?OOolABAPOkX@A`gGOUQHoOwggU`a`XaCDBdG?CCBAbQ`mGGGdG?[SWKfg_SVDIERkOKTLFRtOya``?p}CEDdraE?ZMgWGSMVKGwOkxAIFcCGGTaAccSOJHHw_SOLKfc{ScZNIDIiSSQJGhO{iU^,150,23,49,1003,-2364.86015685,310.0,0:00:00.034040,:q_O?KCD?@o?GGFBA@W?CCBA@gWOIF_?_o]ABA@Oo]AAA`w?KIFCAw?GKH_?ookZ??__WWQK_@PgyAA@`@?oYN__o_WMJFo?GGGECap_{aQ_@?g_SMHO?GOQIDbPxE?@@B`xKj??__oogU_?_ocSJEBqK?ABA@Oo_UKEbaXYABAAPWoYMHCqsCEDBa`XOiUJeRSGECDAphKgTKO?OSMJEBQ@OmXLo?GGEDBAPOs_PHDBHmGGDCQ`SkY_?O_[OIFBq`[oXLfgOOIGDcRX|@CA``_{_SKfRs?CCB@pGg]PHDAhWoXLErhw}_Oggg[SPHDBiHF@@`?o_WOGcqpc~AB@pOkWLFBqx_s[NGSk?IFDbb@gu\OgccCIFEBQ@SmWMfcYYAADdrXoy]OiGGGECA`phOmWLfcAHL??___WOHGcqhk{eRiW?KGIGDAhk}_QHtK?CBA``?gUKHDrQDMg``?g_YMGCQhcu]Ohw?SOIDbPo{cSIdb@k{fSITQy?@@`pOsg[MgCYPWmaaPhOw\NFsQPIeTJDq|`,162,11,299,753,-2560.08757273,150.0,0:00:00.000517,:qa_h?UU@as?DGAEi@PSQmA`PZhRG\re|g_UfaaC~?h,23,150,0,1052,-inf,126.0,0:00:00.311041,:q`_XGGLM?@`kCF?EbhCmVIcbwHMCU`AZPMTIKV_@AGGGoBsGGDDtBluSScER|qvFmWHHUSccAs{_YXLh|IiSSQYdbB,59,114,12,1040,-inf
6,0.3,steyvers,1,50,0.7,0.0,stationary,28,stationary,gamma,0.9,0.909090909091,20,records/,100,naiverw,100,100,20,avg,173,17,17,:q_O?K?AA_?OOM?@@?ocGECAo?GOLBA@WOYACA`wGOJBAo?OSL?BBW?CF?EbgWOP@@`?omACDcg?OII_`@KCGR__asGKIDbGOKIE_`APMADBaacOSWa`qcCCDEdG__b?AEBHyGDDpQ`uGEDFY`uEC`@`XqIILoOg[ob`FGPO{_`AQkOSSQOp?lNDCBRI]IVNITSggcUPQ`xX,-2512.97624289,,,,57.0,0:01:09.369398,:q_O?KCD?@oOOMGD_?OOOLBA@WOYACAoOg]EDDo?OY?EEo?GKL?AbPsKGG__o_WV@AAqS?GDDOO_cUN_cwGGWU`@`GgUKa@OsCGJHCwGSMIIDgWgpAA`qc?AA@`PhOvCCCQc?MIKERsOIJadBkOKTMfi`uECBFwOWUVMGWxky`_`Ox[ob`ArcGg]OOakOScaa@Y]IGEeS{Su]SITSggcUPQ`xSk,151,22,35,1017,-2448.03928779,316.0,0:00:00.035152,:q_O?KCD??_w?CCB``?k?AA@`?sKGDBo?OWN@@`?gWN@@@O{?EDBa@[?CECo?WWUL_?OOKKHEO?gs\@@?o__WLFoOWOKFDbw?CCCBAPWo]PHO?_SOIFCg?CGHDApg{b??_`o{eT_?OOWWSJO?OWQIDb@xE?@@`?gWOJEBPpGeU__o_cUKEbaPKl@@`OwgUSIdaxctA@`@OkYRIDRC?CDBa`WoYOIDr@cv??__WSKHDBQ@CcSKew__SPIDQpi?@A@p?g[NIDr@cu]`@?g_UPLfsCOIEEBq@Oq\NO?OOKFCa`xCcSIdb@csZMfby@Aaa`pPCcSMgc[CECBA@`?aRJER{GKFDAp_s[NJeBPo{`Qo?g[OJFEBPky`PHGGSMKEcAh[o\NGSYYAADcQxkw\NGTCCCBA@OwsgVKErq@CeRo?GGGECAQHKiZNHcye?BAAa@OiZNgCa\R?@?ogWOIDbAP[s`RiGWOIGEba@CiXLfcI]?DCA`Ws[NHDAhWoZNHtAdSm_?OW[SLIFBi@EcUJggcYSMFRp|CcQhdQp[nW^,163,10,306,746,-2668.12582592,149.0,0:00:00.000527,:qa_h?UU@as?DGAEi@PSQmA`PZhRG\re|aQOJRpPA^_S,24,149,0,1052,-inf,126.0,0:00:00.317533,:q`_XGGLM?@`kCF?EbhDKVIcbwHMCU`APTgfIdEJo?`CCCW@yCJiFZkghGKfzdmN[nGHHUSccAs{_YXLh|IiSSQJLQp`,59,114,12,1040,-inf
6,0.3,steyvers,1,50,0.7,0.0,stationary,29,stationary,gamma,0.9,0.909090909091,20,records/,100,naiverw,100,100,20,avg,173,17,17,:q_O?K?AA_?OOM?@@?ocGECAo?GOLBA@WOYACA`wGOJBAo?OSL?BBW?CF?EbgWOP@@`?omACDcg?OII_`@KCGR__asGKIDbGOKIE_`APMADBaacOSWa`qcCCDEdG__b?AEBHyGDDpQ`uGEDFY`uEC`@`XqIILoOg[ob`FGPO{_`AQkOSSQOp?lNDCBRI]IVNITSggcUPQ`xX,-2597.14349631,,,,51.0,0:00:46.599730,:q_OGGI?@@o?GGFCAo?GOIE``?kGL@A@O{CJBAaw?GL?BBW?CCBBO@gyECCOOWOKJ_`@XI?CAagGOQIDbwHKj@@DgOWQIDbG_SL@AAPXGf@A`pPQEIKO_g[h@@?ogs_SLqAHOj?A@qx_q]a@P[Sg\a@ahs|SMoo_W~ABA`X[w`aeriEADBdrAMAADfGPO{_`AQkOSSQPP?lNDCBRI]IVNITSggcUPQ`xSk,157,16,35,1017,-2545.84443596,323.0,0:00:00.036482,:q_O?KCD??_w?CCB``?k?AA@`?sKGDBo?OWN@@`?gWN@@@O{?EDBa@[?CBA``K?EEDbW?CCBBAPc?ILFOOOKGGEBP{CECB@pW}?@@@?ocUKFcQS?GDCA`pI?@AAPOkYNGo?GG[NHdW?CCEEDAs?CECa`Wo]P_?OWOIECAp_s[QHdbCCECCap_s[QHdgGKGDBa`XOiUJeRSCCBAA`WseSIeG?GIFDAp_s_SJeBHm?@@?ogWQIEcAHGgXLp@?gaSIdbS?ACBa@Ow]SJeBHk|AA@P?kaZNgG_SKKFcA`SqZMfg?GGEBaPO{aQIDQp_qYLfRp|?`PPOwgaQIFSQMABA@`?o_PHdbH}CEBa`WoYMFcax_s[NGSk?IFCApp_sZMgSQQADBb@h?iVKFRqDEe__`XCmZMFRqDP@@?o_SMLIDr@k{_PHc{?AAA@`?caRIerqXMh_?OWOSOIDRX|?cRiW?GEDBA@OkWQJecI\PBA@P?s[OGdRHk{`Ro?g_SJEb`xGgTJDr@k{fSITQy?@@`pOsg[MgCYPKkVPPGsg[MfbyHGdRIdax]o,165,8,315,737,-2780.84587048,148.0,0:00:00.000531,:qa_h?UU@as?DGAEi@PSQmA`PZhRG\re|aQOJRpPA^_Sn^,25,148,0,1052,-inf,123.0,0:00:00.330393,:q`_XGGLM?@`kCF?EbhCQVIcbwHMCU`APTgfIdEJo?`CCCW@yIJiFZiESScER|qOZbvJqAQTdDCc_UfcBRHlN]SihPPGktJEF,63,110,13,1039,-inf
6,0.3,steyvers,1,50,0.7,0.0,stationary,30,stationary,gamma,0.9,0.909090909091,20,records/,100,naiverw,100,100,20,avg,173,17,17,:q_O?K?AA_?OOM?@@?ocGECAo?GOLBA@WOYACA`wGOJBAo?OSL?BBW?CF?EbgWOP@@`?omACDcg?OII_`@KCGR__asGKIDbGOKIE_`APMADBaacOSWa`qcCCDEdG__b?AEBHyGDDpQ`uGEDFY`uEC`@`XqIILoOg[ob`FGPO{_`AQkOSSQOp?lNDCBRI]IVNITSggcUPQ`xX,-2692.3326523,,,,54.0,0:00:46.423413,:q_OGGI?B___[OJ??`?sKGD`@gGOIF_`WWSV?@@g?WZ??_os?YM``@CCECBAwGOV?A@PSCGHDbwHKj@@DgOWQIDbG_SL@AAqPMADBaa`YEIKO_g[h??__WSKLGDG__aS_@?wwmWKfg_SVDIFW_Wi\iFWWOq^`@`X[w`bdBYEADBeC[GU[`DAxx@AIp@QQIGDhwg_YXRpRXxQidDCaqISNIdf,151,22,32,1020,-2636.30170033,331.0,0:00:00.037546,:q_O?KCD??_w?CCBAOo_U?@@?o_YECA`w?GKF__o_SKF___g]?BA`p?m?A@`Ooe?BBApk?AA@``Gq?DEbgGGECCB@g}ABA@_wk^??___WQJEBqHI?CAa@Owd??_o_cSJEbqK?AAFBqPKj??__ogWSJO?OWQIDb@xE?@@`?gWOJEBPpGeUKOOWOQJEBPpGeU__o_SMIDdAhWmXLOOOKGIDbQXOiW_?_g[SJEBQ@OmWKew?CCBA``GgYOGca`cvAAA@PCgTJEg?CGFCA`o{gVKERXyCCAa@XCu^OP?gWWNGDAhcu\NO?OOKFCa`xCcSIdb@csZMfby@Aaa`pOsaQIFRqHF@@`?o_WOGcaXWq^`@_wgUKEb`xGmWLFBqDJ?A`p?k[SKEbXtAaQOOg[WLGDQx_y]OgssCCJGdrXoy]OiGGGECA`pgwgVKErq@CeRo?GGGECAQHKiZNHcye?@@`@P?gTLfsAPMh_?_WSKGDAp`GmYOhtCKGDCBPp?aTKerqDN?Aa@OkYMFca`SkVKErq\OhTJg?CEFDBQ`oy_PhCqp\DCbQ`oy]NgcaTKiUJdzB,166,7,324,728,-2895.04343336,147.0,0:00:00.000531,:qa_h?UU@as?DGAEi@PSQmA`PZhR??qF[xnWccAs{SOfwDJv,26,147,0,1052,-inf,122.0,0:00:00.339485,:q`_WgMQABR_?WZ@@o@gyPCdqhG}fUcajPMwIKV_?s`GGoBsSVSMvSLQq^dfH@mMbmVcCcjIIHH?lNGEeRY]{hTQaaPXiUKN,62,111,11,1041,-inf
6,0.3,steyvers,1,50,0.7,0.0,stationary,31,stationary,gamma,0.9,0.909090909091,20,records/,100,naiverw,100,100,20,avg,173,17,17,:q_O?K?AA_?OOM?@@?ocGECAo?GOLBA@WOYACA`wGOJBAo?OSL?BBW?CF?EbgWOP@@`?omACDcg?OII_`@KCGR__asGKIDbGOKIE_`APMADBaacOSWa`qcCCDEdG__b?AEBHyGDDpQ`uGEDFY`uEC`@`XqIILoOg[ob`FGPO{_`AQkOSSQOp?lNDCBRI]IVNITSggcUPQ`xX,-2786.04367785,,,,56.0,0:00:29.711622,:q_OGGI?B_?OOMGD_?O_YECAo_sCGF___kKIJ`@Os?EEEo?GGEE_BPsKGG__o_WV@AAqS?GDDOO_cUN_cqkCCU`@`GgUK___gYACCaqPMADBaa`YEIKO_g[h??__gs_ZaAAHQ?CBdr@c|CAawhOzCBDRhyg\``?pc~ABAraEMSLfSKCIFKGwGGU[`DBq@LACdW_hHBCAs{OIGEeRq]IVLfdIiSSQJGhO{iU^,155,18,38,1014,-2739.63476869,336.0,0:00:00.038796,:q_O?KCD??_w?CCBAOo_U?@@?o_YECA`w?GKF__o_SKF___WSN?@`Ow_V?@?ogWR?@``Wu?@@?oocX?AbPsCCBAA@_s^@@`?o[UN_?OOOKHDb@xCd?A@P?g[Q_?OWOQIDbPxE?@@BPo{cRIo?GGKIEDAs?CECa`Wo]P_?OOKGDBA@WoYMHCqpaABAAPWoYMHCqsCECA`pOkgTJDrHiAA@`@OkYRIDRC?CDBa`WoYOIDr@cv??__WSKHDBQ@CcSKewOOOIGdAhWt??`?w_SMFdAx_qZNO__SOJGeryAGDBB@x?gTKerhy?AA@_wcSNGca`SkWKebXs{^OGSSSMIEcQPOy]PGwGKGECBA@CcRJER{GKFDAp_s[NHDr@gw]OhW?SMGDba`_sZMgSQQACA`p_s_TJeBhxAbROOOkaVLfBhxAg___WOIFEba`[oZNGCQXN??___WOHGcqhk{eRiW?CECDCA`SkZNgCa\R?@?ogWOIDbAP[s`RiGWOIGEba@CiXLfcI]?DCA`Ws[NHDAhWmWLfcQ\OhTJg?CEFDBQ`oy^OGsaXWmaaPhOw\NFsQPIeTJDq|`,167,6,330,722,-3003.84466825,146.0,0:00:00.000531,:qa_h?UU@as?DGAEi@PSQmA`O_lsh_?XBm[vkQQ@Y]IGR{Adz,27,146,0,1052,-inf,120.0,0:00:00.350130,:q`_Ww?BH@@ho?KL__w?s\GaQxSc^RjQPTgf[DEJo?YOcCW@yIJiFZiEg\kfxXqvFPvJqAQTdDCc_UfcBRHlMlnITSggcUYdbB,64,109,11,1041,-inf
6,0.3,steyvers,1,50,0.7,0.0,stationary,32,stationary,gamma,0.9,0.909090909091,20,records/,100,naiverw,100,100,20,avg,173,17,17,:q_O?K?AA_?OOM?@@?ocGECAo?GOLBA@WOYACA`wGOJBAo?OSL?BBW?CF?EbgWOP@@`?omACDcg?OII_`@KCGR__asGKIDbGOKIE_`APMADBaacOSWa`qcCCDEdG__b?AEBHyGDDpQ`uGEDFY`uEC`@`XqIILoOg[ob`FGPO{_`AQkOSSQOp?lNDCBRI]IVNITSggcUPQ`xX,-2877.42659636,,,,49.0,0:00:38.329579,:q_OGGI?B_?OOMGD_?O_YECAo_sCGF_`WWSV?@@g?KKL_?OWY?LFOo_aABA@`[CGJHO?_ST@AAPW}ARIoOPYCECa`WqCDBOO_k[R_`OwggU`abCGIFIOOOSYOIEw__aS_?O_[mWKfg_SVDIFW_Wi\NTBkKGXNo_okw`dEriEADBeC[GU[iFcAYCHIp@QQEGDhw_SOLKhwh[{fSITSggcUPQ`xSk,155,18,31,1021,-2827.79643376,341.0,0:00:00.040260,:q_O?KCD??_w?CCBAOo_U?@@?o_YECA`w?GKF___WOIEBoOOKIF_?og[OJ_?_WSKH_?ookZ??__WWQK_@PgyAA@`@?oYN__o_WMJFo?GGGECap_{aQ_@?g[OIFCg?CECCa`Ws]P_?OOs[NHCqk?AABA``Ol?@@`GgUKFcW?CCBA@Oo_UKEbaPKkW__o_cUKEbaPKl@@`?g[SJFDAhWmXLOOOKGIDbQXOiW_?_g[SJEBQ@OmWKew?CCBA``GgYOGca`_qZ`@@?gaSIdbS?ACBa@Ow]SJeBHk|AA@P?kaZNgG_SKKFcA`SqZMfg?GGEBaPO{aQIDQp_qYLfRp|?`PPOwgYPHDBhxCb__o_WOKGCQPKkXNo_o[SJEBPo{cVKEb`xAd_@Ow_SJFDB@gu\OgccCGDBb@h?iVKFRqDEe___WcUPJer`s{`SOOOKGDBbPpOmWLfcAHKf_?OOOKGCcQXSu]RHtK?ABAAa@OiULfsAPMh_?_WSKGDAp`GmYOhtCKGDCBPp?aTKerqDN?Aa@OkYMFca`SkVKErqHMgSids?ABBa`hOw\NgCYPKkVPPGsg[MfbyHGdRIdax]o,168,5,336,716,-3112.84999021,145.0,0:00:00.000534,:qa_?S_JJ?pY?Ac@BT?giHV@OgOUySo?K`vMZuHH?lNDCH}@Q|,28,145,0,1052,-inf,127.0,0:00:00.358487,:qb_?KcCEf@`kCFLFQGcCVIcby\YRYDcz_gp]?BQC_b?NO_gmg\mgYdc~JMQB[\F[nGHHUSccAs{_YXLhtlxQidDCaqgiUKN,60,113,14,1038,-inf
6,0.3,steyvers,1,50,0.7,0.0,stationary,33,stationary,gamma,0.9,0.909090909091,20,records/,100,naiverw,100,100,20,avg,173,17,17,:q_O?K?AA_?OOM?@@?ocGECAo?GOLBA@WOYACA`wGOJBAo?OSL?BBW?CF?EbgWOP@@`?omACDcg?OII_`@KCGR__asGKIDbGOKIE_`APMADBaacOSWa`qcCCDEdG__b?AEBHyGDDpQ`uGEDFY`uEC`@`XqIILoOg[ob`FGPO{_`AQkOSSQOp?lNDCBRI]IVNITSggcUPQ`xX,-2963.18523333,,,,50.0,0:01:03.509179,:q_O?KCD?@?w?CCBa@W?CCCBOo_UCE_`?{CCD``P[GIE_?oou?@@`g?s\BAAGGKGEDoO_kd?A@PSCGHDbwHKj@@DgOWQIDbGOSL@Dca[CIFDDAsKSWa`qc?AA@`PhOvCCCQc?ACBdr@c|CAawhOzCBDRPs|SMoo`c~ABAraESZMgWGSMWPo`Xqg]OHgPUGIQOp?lNCAa@hdNDJfcy`QidDCaqISNIdf,156,17,33,1019,-2917.22968635,347.0,0:00:00.041710,:q_O?KCD??__[?AA@`GWOJ??__WOLBA@O{?CEBoOOKGDB@wGGECA`w?KIFCAw?GEDB@pK?EEDbW?CCBBAPc?ILFOOOKGGEBP{CECB@pW}?@@@?ocUKFcQS?ACA`p?g[Q_?OWOQIDbPxE?@@BPo{cRIo?GGKIEDAs?CECa`Wo]P_?OOKGDBA@WoYMHCq`Wp@@`@GkWLFCaXYABA@OwgUMIDQp[qY___WOSJEcq`Sp?@@OwgUKEcA`[oXLo?GGEDBAPOs[OGca`_qZ`@@?gaSIdbS?ACBa@Ow]SJeBHk|AA@P?kaZMFsCOIEEBq@OiXLfRs?CCB@pGg]PHDAhWoXLErhw}_Oggg[SLGca`s{aPoOWOKGECAHGeUKfwOWMIDb@gw]QJeBPo{`Qo?g[OIDba`_sZMgSQQACA`p_s_TJeBhw}_OgssCCBCaqH[u[MfcIaAA@`?g[YMIDr@k{_PHc{?AAA@`?caRIerqXMh_?OWOSOIDQpk}_QHtK?CBA``?gUKHDrQDMg``?g_YMGCQhcu]Ohw?SOIDbPo{cSIdax_u]PHtAdSm_?OW[SLIEb`s}_PhCqp\DCbQ`oy]NgcaTKiUJdzB,170,3,344,708,-3226.92135927,144.0,0:00:00.000530,:qa_?SUODd_Wl?@Q?`i_STCj_gSGJ\IW?EOzfLzCc_UfaaC~?h],29,144,0,1052,-inf,128.0,0:00:00.366177,:qb_HGGLMBBWGMYMcPgGmTHFoQ\YRYDcxSgp]?BQC_b?NO__SVSMvSLQq^mGX@mMbmVcCcjIQQ@Y]OLKesyu{hTQaaPXiUKN,60,113,15,1037,-inf
6,0.3,steyvers,1,50,0.7,0.0,stationary,34,stationary,gamma,0.9,0.909090909091,20,records/,100,naiverw,100,100,20,avg,173,17,17,:q_O?K?AA_?OOM?@@?ocGECAo?GOLBA@WOYACA`wGOJBAo?OSL?BBW?CF?EbgWOP@@`?omACDcg?OII_`@KCGR__asGKIDbGOKIE_`APMADBaacOSWa`qcCCDEdG__b?AEBHyGDDpQ`uGEDFY`uEC`@`XqIILoOg[ob`FGPO{_`AQkOSSQOp?lNDCBRI]IVNITSggcUPQ`xX,-3045.67855797,,,,44.0,0:00:55.330864,:q_O?KCD??__[?AA@p?k?ACBOo_UCE_`?{CGD``P[GL?@``k?ABBO@gyECCOOWOKJ_`@XI?CAagGOOHFoQXUAAJO_ocSJEO_WOIE_`APMADBaa`]EIKPOwsgZ___WSKLGDB[OOPIO?G[OVKERsOIJadBkOKIIfY`uECNo_okw`dEriEADBeC[GU[iFcAYCTaAccKOJRpP?sqfadrq\QidDCaqISNIdf,159,14,30,1022,-3002.83917237,352.0,0:00:00.042761,:q_O?KCD??__[?AA@`GWOJ??__WOL@@`?g]?AB@wGGECA`_{CCBA@O{?EDBa@[?CBA`_we?BBApk?AA@``Gq?DEbgGGECCB@g}ABA@_wk^??___WQJEBqHI?@A@Ow_SMHO?GKGGCa`Ws]P_?OOs[NHCqk?AABA``Ol?@@`GgUKFcW?CCBA@Oo_UKEbaPKgUKOOWOQJEBPpGeU__o_SMIDba`SkVKegGGECDAphKgTKO?OSMIDb@h?gVKER[?AA@`OocSLFCAHGgWKewOOOIGdAhWt??`?w_SMFdAx_qZNO__SOJGer`|@CA`_wo]OIDRHky]_?__WMHDBqHGgTJEBHgu\NFsADDDBa`hCcSMfcQMABA@`?o_PHCqpc~AB@pOkWLFBqP[oYMFcIU?DBa@Ok[SKEbXtAaQOO_SMKEcAh[o\NFsADCbROOOKQJGdrXoy]OiGGGECA`pgwgVKErq@CeRo?GGGECAQHKiZNHcye?@@`@P?gTJEry@GfSo?OKIECA`WocVLFCI\PBA@P?s[OGdRHk{`Ro?g_SJEb`xGgTJDr@k{aRiDIh\??_owgYSLFBh|?bQHdayIHEdB`s{^PHCiXSkVJuF,170,3,349,703,-3334.33276878,143.0,0:00:00.000523,:qa_?SUODd_WkwZO?S_GYgDDPIwIDAAvQe?@cMxr]pHGDhwg`NoIVn,30,143,0,1052,-inf,130.0,0:00:00.372424,:qb_HGGLMBBWGMYMcOosCVIcbwHGfUcu`XMTIKV_?s`GGoBsGGDDtBltBIIUR{kw`cEwyMx]OQQkhHGDhx@cufUvdIigcUYdbB,60,113,17,1035,-inf
6,0.3,steyvers,1,50,0.7,0.0,stationary,35,stationary,gamma,0.9,0.909090909091,20,records/,100,naiverw,100,100,20,avg,173,17,17,:q_O?K?AA_?OOM?@@?ocGECAo?GOLBA@WOYACA`wGOJBAo?OSL?BBW?CF?EbgWOP@@`?omACDcg?OII_`@KCGR__asGKIDbGOKIE_`APMADBaacOSWa`qcCCDEdG__b?AEBHyGDDpQ`uGEDFY`uEC`@`XqIILoOg[ob`FGPO{_`AQkOSSQOp?lNDCBRI]IVNITSggcUPQ`xX,-3132.33505057,,,,37.0,0:00:49.653241,:q_OGGI?@@?w?CCBa@W?CGE``?kGL@A@wGOJBAo_gY?EEo?GKL?EbgWOP@@`?omACDcg_ST@AA@G}AR__asGKIDbGOKGDBOO`Gf@A`pPQEIKO?g[h??__WSYMIP@@Ch??`qH[oXNP?gmISMp?ogzSMoo`}CEDfCKgu\OoOg[ob__bdO{_ROakOSc`a@Y]IGEeS{Sm]RiTSggcUPQ`xSk,158,15,22,1030,-3086.45036303,360.0,0:00:00.043902,:q_O?KCD??__[?AA@`GWOJ??__WOL@@`?g]?AB@wGGECA`_{CCBA@O{?EDBa@[?CBA`_wcX?@``Wu?@@?oocX?AbPsCCBAA@_s^@@`?o[UN_?OOOKHDb@xCd??`?g[OIFCg?CECCAPOkYNGo?GGYMFcaXU?@@@`OogU_?_ocSJEBqK?AA@`?gWOJEBPpGeSJEGGKGHDb@gwcRJOOWOIFDAppOiUJeRSCCBAA`WseSIeG?GIFDAp_s_SJeBHkx??__WSKHDBPp?aQIEBHmCCCAaHOiULO?GOMGDB`xCgVKERXyCCAa@XCu[NgG_SKFEBq@OiVKerhy?AA@_wcSNGca`SkWKebXs{^OGSSSMIEcQPOy]PGwGKGECBA@CcRJER{GKFDAp_s[NHDr@gw]OhW?SMGDAppOoYLfSIHH@A@OwoYOIdr@s{^OGSQLL@@?pGkYPJer`s{`SOOOKGDBbPpOmWLfcAHKf_?OOOKGCcQXSu]RHtK?ABAAa@CgTJEry@GfSo?OKIECA`WocVLFCI\PBA@P?s[OGdRHk{`Ro?GSOIDbPo{cSIdax_u]PHCy`QiVO?GKMIEdBPoy^OGsaXWmaaPhOw\NFsQPIeTJDq|`,170,3,357,695,-3447.49878627,143.0,0:00:00.000525,:qa_?SUODd_WkwZO?S_GYgDDPIwIDAAvQe?@cMxr]pHGDhwg`NoIVn,30,143,0,1052,-inf,122.0,0:00:00.381419,:qb@GCcCEf??ouAB_BPsaECBOP[iQN_ca\YQKlAq[[TIKV_?s`GGoBsGGJiFZkghXNo`XpBGLps\qg]OQQkhHGDhx@cufUvdIigcUXDQr,67,106,16,1036,-inf
6,0.3,steyvers,1,50,0.7,0.0,stationary,36,stationary,gamma,0.9,0.909090909091,20,records/,100,naiverw,100,100,20,avg,173,17,17,:q_O?K?AA_?OOM?@@?ocGECAo?GOLBA@WOYACA`wGOJBAo?OSL?BBW?CF?EbgWOP@@`?omACDcg?OII_`@KCGR__asGKIDbGOKIE_`APMADBaacOSWa`qcCCDEdG__b?AEBHyGDDpQ`uGEDFY`uEC`@`XqIILoOg[ob`FGPO{_`AQkOSSQOp?lNDCBRI]IVNITSggcUPQ`xX,-3225.7343895,,,,41.0,0:01:09.244799,:q_O?KCD?@o?GGFCAo?GOLBA@WOYACBoO_UED`@Os?KL_?OWY?LFOo_aABA@`[CUQ_@?giACCAP{Cf@@DgOWQIDbGOKGDBOO`Gf@A`pPQGIKO_g[gZ_?OOKIEEcAcOOPIO?G[[PJeBHyGDDpQ`uGEDFY`uECHfwOWUWMGXPky`_`Ox[ob`FI`_{_`DW_ggc`a@Y]IGEeS{Sm]RiTSggcUPQ`xSk,159,14,27,1025,-3183.80348775,368.0,0:00:00.045389,:q_O?KCD??__[?AA@`GWOJ??__WOL@@`?g]?AB@wGGECA`_{CCBA@O{?EDBa@[?CBA`_wcX?@``Wu?@@?oocX??`PgyAA@`@?oYN__o_WMJFo?GGGECap_{aQ_?O_SMGDBaS?ABAA@GgULFcW?CCLFBqPKj??__ogWPIDg?GKHDAp_{b??__WOIECAp_s[QHdApaABAAPWoYMHCqsCECA`pOk[SIdaxct@@?o_gULHdAha?AA`pOkWLGDAx_qZMO?GGEDBAPOs[OGca`_qZ`@@?gaSIdbS?ACBa@Ow]PIDr@cu]`@?g_UPIer`|@CA`_wo]OIDQxcu\NO?OOKFCa`xCcSIdb@csZMfby@Aaa`pOsaQIFRqHF@@`?o_WOGcaXWq^Oo_o[SJEBPo{cVKEb`xAd_@Ow_SJFDB@gu\OgccCGDBaP_s_TJeBhw}_OgcYYAA@aPWsaVLfBhxAg___WOIFEba`[oZNGCQXN??___WOHGcqhk{eRiW?CECDCAHOiULfsAHGfSo?OKIECA`Wo_QJebaDMg``?g_YMGCQhcu]Ohw?CIGDApgw]QIDQp[oZNGca\OhTJg?CEFDB@hOs[MfsALGeUJggcYSMFRp|CcQhdQp[nW^,170,3,365,687,-3563.60140397,142.0,0:00:00.000515,:qa_?SUODd_WkwZO?S_GYgDDPIwIDAAvQe?@bAV[xnWccAs{SOfwDJv,31,142,0,1052,-inf,126.0,0:00:00.395102,:qb_HGGLM?@`kCF?EbhCOL@DqhG}AQHthGqsJHppSgp]?BQC_b?NO__mg\mqac_q^dfCK_vFPvI`x@HIqcc_UfcERY\Z]SiiaPXcTJN,64,109,17,1035,-inf
6,0.3,steyvers,1,50,0.7,0.0,stationary,37,stationary,gamma,0.9,0.909090909091,20,records/,100,naiverw,100,100,20,avg,173,17,17,:q_O?K?AA_?OOM?@@?ocGECAo?GOLBA@WOYACA`wGOJBAo?OSL?BBW?CF?EbgWOP@@`?omACDcg?OII_`@KCGR__asGKIDbGOKIE_`APMADBaacOSWa`qcCCDEdG__b?AEBHyGDDpQ`uGEDFY`uEC`@`XqIILoOg[ob`FGPO{_`AQkOSSQOp?lNDCBRI]IVNITSggcUPQ`xX,-3316.72808406,,,,41.0,0:00:40.593131,:q_O?KCD?@o?GGFCAo?GOLBA@WOYAAA@wGOJ?@`WOSL?BBW?CEE_BPsOP@@`?omAJHO?_ST@AA@G}AR_?OPYCECa`WqCBA`gGkcR_`OwghCDEGOSMS_?OOSYScCQc?ADBdr@c|CAawhOzCBAbPug\``AX}CEDfCKgu\OoOg[ob`ArcGg]OHgPUGIIHGW_Ufaa@hdNDJfcydTIIHDcSg]TJN,157,16,25,1027,-3277.97574325,376.0,0:00:00.046709,:q_O?KCD??__[?AA@`GWOJ??__WOL@@`?g]?AB@wGGECA`_{CCBA@O{?ABA`p?m?A@`Oo[QK_?ookZ??__WWQK_?Ogs\@@?o__WLFoOWOKFDb`{?AAA@`GkWNGcg?CGDBa@Owd??_o__QIDbPxE?@@BPo{cRIo?GGKIECQ`Y?ABAPOkWNGo?GGECA`_w_UKEbaPKgUKOOWOQJEBPpGeU__o_SMIDba`SkVKegGGECDAphKgTKO?OSMIDb@h?gVKERXq?@@?ogWQIEba@CcSKER[GGGDCQ`SkY_?O_SMGDB`xCgVKERXyCCAa@XCiZMFbyAGDB@p_{_SIdrHky]_?__WMHDBqHGgTJEBHgu\NFsADDDBa`hCcSMfcQMABA@`?o_PHCqpc}``@_wgUKEb`xGmWLFBqDJ?A`p?gUMIEBPky`PHGGOIFCb@h?iVKFRp|?`PGssCCBCaphCmZMFRq@Ag___WOIFEba`[oZNGCQXN??___WOHGcqhk{eRiW?CECDCAHOiULfsAHGfSo?OKIECA`Wo_QJebaDMg_?o_SOLFCAHSqZNGS{?ADCA`Ws[NHDAhWmWLfcQPMgSids?ABBa`_sgYMFRy@EcRJDsSQLIFBhw}aQHSq`SkVJuF,170,3,373,679,-3676.84588831,141.0,0:00:00.000530,:qa_?SUODd_WkwZO?S_GYgDDPIwIDAAvQe?@bAVW][vkQQ@Y]IGR{Adz,32,141,0,1052,-inf,120.0,0:00:00.404652,:qb_G[GLM?@`kCF?EbhCOL@Dqg_c^@HCysqsJHppSgp]?BQC_b?NO__mg\mqacKOXNqraEOZbgzdO{_cdXQQOJRq@hcufUvdIigcUTCahX,69,104,16,1036,-inf
6,0.3,steyvers,1,50,0.7,0.0,stationary,38,stationary,gamma,0.9,0.909090909091,20,records/,100,naiverw,100,100,20,avg,173,17,17,:q_O?K?AA_?OOM?@@?ocGECAo?GOLBA@WOYACA`wGOJBAo?OSL?BBW?CF?EbgWOP@@`?omACDcg?OII_`@KCGR__asGKIDbGOKIE_`APMADBaacOSWa`qcCCDEdG__b?AEBHyGDDpQ`uGEDFY`uEC`@`XqIILoOg[ob`FGPO{_`AQkOSSQOp?lNDCBRI]IVNITSggcUPQ`xX,-3401.87409302,,,,40.0,0:01:06.663514,:q_OGGI?B_?OOMGD_?O_YECAo_sCCCBoO_UABAo_gY?EEo?GKL?EbgWOP@@`?omACDcg?OII_`@?c^@HoOPYCECa`WqCCA`gGOcR_`OwghCDEGOSMS_?OOKIEEcAHQGGGdG?CMGJeBHyGDDpQ`uGEDFY`uECKfwOWU[OqbXtB@A`rAMCWMOa`x?e`AQkOSSQOp?lNDCBRI]IVNHtIiSSQJGhO{iU^,160,13,27,1025,-3357.94792471,382.0,0:00:00.047867,:q_O?KCD??__[?AA@`GWOJ??__WOL@@`?g]?AB@wGGECA`_{CCBA@O{?ABA`p?m?A@`Oo[QK_?ookZ??__WWQK_?OgWYM___WOOKEbwGKGEBapo}?@@@?ocUKFcQS?ACA`p?g[Q_?OWOOHDApg{b??_`gw]QHdW?CCEDBAHOl?@@`GgUKFcW?CCBA@Oo[OJEBPpGeSJEGGKGHDb@gwcRJOOWOIFDAppOiUJeRSCCBAA`WseSIeG?GIFDAp_s_SJeBHkx??__WSKHDBPp?aQIEBHmCBAA@PCgTJEg?CGDBa@Ow]PIDr@cu]`@?g_UPIer`w}_a@Oo[WNGDAh[qZMfg?GGEBaPO{aQIDQp_qYLfRp|?`PP?g[SLGca`s{aPo?GKGECBA@CcRJERyECEBa`WoYMFcax_s[NGSk?IFCA`WwgWLEriDCc_`?g[QKEcAh[o\NFsADCbROOOKQJEcQx_u[MfcADP@@?o_SMLFDAx_u]OGcq]?@@@?o_QPHdRXxKfSo?GKGIGCQ`SkZNgCQPMh_?_WSKGDAp`?cVLFCI\P?@`?g_YMGCQhcu]Ogc{?ADCA`Ws[NHDAhWmWLfcQPMgSids?ABBa`_sgYMFRy@EcRJDsSQLIFBhw}aQHSq`SkVJuF,170,3,379,673,-3788.17778045,140.0,0:00:00.000540,:qa_?SUODd@wKU[Lg?IOCLSAagd[DA`@ZhR??p`JkNMZuHH?lNDCH}@Q|,33,140,0,1052,-inf,119.0,0:00:00.416289,:q`_WwAQABR_ouAB_BPsaECBAwGmiCCbwHGfUlAq[[TIKV_?s`GGoBsGGJiFZlQEGKfxXpBGLps\qg]OQQkhHGDhx?sqZRjZqdTSQJIahX,68,105,14,1038,-inf
6,0.3,steyvers,1,50,0.7,0.0,stationary,39,stationary,gamma,0.9,0.909090909091,20,records/,100,naiverw,100,100,20,avg,173,17,17,:q_O?K?AA_?OOM?@@?ocGECAo?GOLBA@WOYACA`wGOJBAo?OSL?BBW?CF?EbgWOP@@`?omACDcg?OII_`@KCGR__asGKIDbGOKIE_`APMADBaacOSWa`qcCCDEdG__b?AEBHyGDDpQ`uGEDFY`uEC`@`XqIILoOg[ob`FGPO{_`AQkOSSQOp?lNDCBRI]IVNITSggcUPQ`xX,-3489.48453275,,,,40.0,0:00:56.526938,:q_OGGI?B_?OOMGD_?O_YECAo_sCCCBoO_U?BAo_gY?EEo?GKL?EbgWOP@@`?omACDcg?OII_`@?c^@Ho?GGlABAPOkXA@`?gYACHCwGSMIIP@PaCDBdB[?AAA``h?aSaAAHQ?@BaAx_q]`@?gkvDIFW_WS\iFWWO~ABAraESZMoOg[ob`EBcGg]OHgOcjCDDCcKOJRpP?sqfadrq\QidDCaqISNIdf,161,12,28,1024,-3448.74243723,389.0,0:00:00.050384,:q_O?KCD??__[?AA@`GWOJ??__WOL@@`?g]?AB@wGGECA`_{CCBA@O{?ABA`p?m?A@`Oo[QK_?ookZ??__WWQK_?OgWYM___WOOKEbwGKGEBapo}?@@@?o[QJEBqHI?@A@Ow_SMHO?GKGGCa`Ws]P_?OOs[NHCqk?AABA``CgU_?_ocSJEBqK?AA@`?gWMGDb@gwcRIDbCCECBA@GkWLFCaXYABA@OwgUMIDQp[qY___WOSJEcq`Sp?@@OwgUKEcA`[oXLfG?CCBA``GgYMGCQPOoXLo_WOOIGca`SkY_?O_SMGDB`xCgVKERXyCCAa@XCiZMFRp|@CA`_wo]OIDQxcu\NO?OOKFCa`xCcSIdb@csZMfby@Aaa@OwgYPHDBhxCb_?OWOKGECAHGeUKfsKGKFDAp_s[NHDr@gw]OhW?SMGDAppOoYLfSIHH@A@OwcWLGDQx_y]NgCIHEe___WcULGdr@kw\NGCIaAA@`?g[YMIDr@k{_PHc{?AAA@Oo_QPHdRXxKfSo?GKGIGCQ`SkZNgCQPMh_?_WSKGDAp`?cVLFCI\P?@`?g_YMGCQhcu]Ogc{?ADCA`Ws[NHDAhWmWLfcQPIfSITQy?@@`pOoYSLFBh|?bQHdayIHEdB`s{^PHCiXOiUJdzB,170,3,386,666,-3902.81111478,140.0,0:00:00.000528,:qa_?SUODd@wKU[Lg?IOCLSAagd[DA`@ZhR??p`JkNMZuHH?lNDCH}@Q|,33,140,0,1052,-inf,117.0,0:00:00.425974,:qb_HGGLFf@`kCF?EbhCKKJ_aqTSGHFoQPMlAlAq[[TIKV_?s`GGoBsGGDDtBluSSMop@c~JMGX@mMbmTBqAQTdHH?lNGEeRY\Z]SiiaPXSTJN,71,102,15,1037,-inf
